Reflectivity,Azimut,Elevation,Classe
0.11245,-75.644,63.6643,sol
0.17647,-75.6478,63.6661,sol
0.23494,-75.6515,63.6678,eau
0.13454,-75.6584,63.671,sol
0.19745,-75.6661,63.6746,sol
0.13229,-75.6734,63.678,sol
0.21244,-75.6799,63.681,sol
0.1481,-75.6837,63.6828,sol
0.22437,-75.6885,63.685,eau
0.14581,-75.7025,63.6915,sol
0.14121,-75.725,63.7019,sol
0.11106,-75.7413,63.7094,sol
0.15614,-75.7536,63.715,sol
0.23238,-75.7613,63.7186,eau
0.14899,-75.7661,63.7208,sol
0.082891,-75.7701,63.7226,foret
0.14166,-75.792,63.7327,sol
0.10445,-75.816,63.7437,foret
0.1561,-75.8196,63.7454,sol
0.11183,-75.8271,63.7488,sol
0.10508,-75.8401,63.7548,foret
0.13322,-75.8688,63.7681,sol
0.13468,-75.915,63.7893,sol
0.10263,-75.9404,63.801,foret
0.1847,-75.943,63.8022,sol
0.1299,-75.9485,63.8047,sol
0.21265,-75.9543,63.8074,sol
0.14696,-75.9625,63.8111,sol
0.24088,-75.9702,63.8147,eau
0.17433,-75.9755,63.8171,sol
0.141,-75.9822,63.8202,sol
0.30951,-75.9863,63.8221,eau
0.15134,-75.9893,63.8234,sol
0.29732,-75.9937,63.8254,eau
0.15139,-75.9979,63.8274,sol
0.39176,-76.0006,63.8286,eau
0.25948,-76.0048,63.8305,eau
0.20362,-76.0118,63.8337,sol
0.16615,-76.0249,63.8397,sol
0.24047,-76.0359,63.8447,eau
0.15568,-76.0418,63.8474,sol
0.22245,-76.0463,63.8495,eau
0.35363,-76.0482,63.8504,eau
0.19657,-76.0539,63.8529,sol
0.15697,-76.0732,63.8617,sol
0.24281,-76.0893,63.869,eau
0.12767,-76.0942,63.8712,sol
0.21195,-76.0983,63.8731,sol
0.12706,-76.1018,63.8747,sol
0.15836,-76.112,63.8793,sol
0.15396,-76.1261,63.8856,sol
0.28361,-76.1348,63.8896,eau
0.16432,-76.1396,63.8917,sol
0.10745,-76.1438,63.8936,foret
0.15768,-76.1498,63.8963,sol
0.22898,-76.1558,63.899,eau
0.15601,-76.1626,63.9021,sol
0.15473,-76.1781,63.909,sol
0.24036,-76.1893,63.914,eau
0.11525,-76.1918,63.9151,sol
0.18378,-76.1978,63.9178,sol
0.13037,-76.2051,63.9211,sol
0.1754,-76.2198,63.9276,sol
0.12145,-76.2331,63.9336,sol
0.17983,-76.2382,63.9359,sol
0.12168,-76.2519,63.942,sol
0.21818,-76.2629,63.9469,eau
0.15067,-76.27,63.95,sol
0.14371,-76.2829,63.9558,sol
0.24429,-76.2901,63.959,eau
0.10239,-76.2928,63.9602,foret
0.21828,-76.2965,63.9618,eau
0.10441,-76.2996,63.9632,foret
0.19058,-76.3056,63.9659,sol
0.12249,-76.3129,63.9691,sol
0.20575,-76.3181,63.9714,sol
0.15136,-76.3399,63.9811,sol
0.1513,-76.3774,63.9977,sol
0.11861,-76.399,64.0073,sol
0.1785,-76.4092,64.0118,sol
0.24672,-76.4167,64.0151,eau
0.17014,-76.4221,64.0175,sol
0.15119,-76.4284,64.0203,sol
0.10042,-76.4317,64.0218,foret
0.14086,-76.4378,64.0244,sol
0.24214,-76.4439,64.0272,eau
0.17094,-76.4506,64.0301,sol
0.14792,-76.4654,64.0366,sol
0.19129,-76.4765,64.0415,sol
0.12244,-76.4814,64.0437,sol
0.17852,-76.4866,64.046,sol
0.11196,-76.4896,64.0473,sol
0.13248,-76.5222,64.0617,sol
0.062388,-76.5548,64.0761,foret
0.13357,-76.5619,64.0793,sol
0.19125,-76.5704,64.083,sol
0.16973,-76.587,64.0904,sol
0.30371,-76.6028,64.0975,eau
0.25073,-76.6045,64.0982,eau
0.092141,-76.6059,64.0989,foret
0.15173,-76.6129,64.102,sol
0.11747,-76.6263,64.1079,sol
0.21148,-76.6359,64.1122,sol
0.11223,-76.6399,64.114,sol
0.18077,-76.6462,64.1168,sol
0.060881,-76.6518,64.1193,foret
0.13795,-76.6758,64.1299,sol
0.20081,-76.6995,64.1403,sol
0.13444,-76.706,64.1432,sol
0.11658,-76.723,64.1506,sol
0.19685,-76.7354,64.156,sol
0.1197,-76.7667,64.1696,sol
0.14142,-76.8147,64.1903,sol
0.13571,-76.8368,64.1998,sol
0.12746,-76.8446,64.2031,sol
0.19283,-76.8487,64.2049,sol
0.13289,-76.8641,64.2115,sol
0.11076,-76.884,64.2201,sol
0.076879,-76.8909,64.223,foret
0.13905,-76.9005,64.2271,sol
0.19232,-76.9101,64.2313,sol
0.1391,-76.9189,64.235,sol
0.085331,-76.9272,64.2386,foret
0.12874,-76.9366,64.2426,sol
0.16265,-76.9464,64.2469,sol
0.11211,-76.978,64.2604,sol
0.12859,-77.0277,64.2817,sol
0.12034,-77.0515,64.2919,sol
0.19289,-77.0568,64.2942,sol
0.13159,-77.062,64.2964,sol
0.23647,-77.0684,64.2991,eau
0.13124,-77.0766,64.3027,sol
0.21109,-77.0839,64.3058,sol
0.14793,-77.0901,64.3085,sol
0.20842,-77.0963,64.3111,sol
0.13624,-77.1082,64.3162,sol
0.15654,-77.1223,64.3222,sol
0.22286,-77.129,64.3251,eau
0.13085,-77.1431,64.331,sol
0.14605,-77.1611,64.3387,sol
0.22299,-77.1707,64.3428,eau
0.14535,-77.1775,64.3456,sol
0.086211,-77.1821,64.3476,foret
0.22434,-77.1846,64.3486,eau
0.14109,-77.1909,64.3513,sol
0.22408,-77.1967,64.3537,eau
0.33129,-77.1995,64.3549,eau
0.20447,-77.2028,64.3563,sol
0.1242,-77.2175,64.3625,sol
0.18338,-77.2314,64.3683,sol
0.13342,-77.2422,64.3729,sol
0.21516,-77.253,64.3774,sol
0.14966,-77.261,64.3808,sol
0.44212,-77.2715,64.3852,eau
0.20028,-77.2781,64.388,sol
0.28231,-77.2824,64.3898,eau
0.16289,-77.2867,64.3916,sol
0.17937,-77.295,64.3951,sol
0.22899,-77.3033,64.3986,eau
0.38023,-77.3072,64.4002,eau
0.48341,-77.3148,64.4034,eau
0.40308,-77.3255,64.4078,eau
0.46239,-77.3321,64.4106,eau
0.37216,-77.3361,64.4123,eau
0.43776,-77.3395,64.4137,eau
0.51148,-77.343,64.4152,eau
0.42114,-77.3519,64.4189,eau
0.32647,-77.3689,64.426,eau
0.41288,-77.3852,64.4327,eau
0.22456,-77.3926,64.4358,eau
0.14833,-77.4038,64.4405,sol
0.057793,-77.4146,64.445,foret
0.33501,-77.4167,64.4458,eau
0.14681,-77.4336,64.4528,sol
0.14297,-77.4688,64.4674,sol
0.13773,-77.5261,64.4909,sol
0.11502,-77.5727,64.5101,sol
0.20203,-77.5833,64.5144,sol
0.34668,-77.5883,64.5164,eau
0.20823,-77.5942,64.5188,sol
0.13625,-77.6077,64.5244,sol
0.12388,-77.6209,64.5298,sol
0.22094,-77.6243,64.5312,eau
0.13764,-77.6333,64.5349,sol
0.24898,-77.641,64.538,eau
0.13666,-77.647,64.5404,sol
0.28183,-77.6554,64.5439,eau
0.19845,-77.6607,64.5461,sol
0.12049,-77.6688,64.5493,sol
0.18081,-77.6755,64.5521,sol
0.15595,-77.6921,64.5588,sol
0.28936,-77.7089,64.5657,eau
0.11131,-77.7129,64.5673,sol
0.14281,-77.7222,64.5711,sol
0.17483,-77.7338,64.5758,sol
0.23468,-77.7397,64.5782,eau
0.15207,-77.7529,64.5836,sol
0.11616,-77.7686,64.5899,sol
0.18371,-77.7752,64.5926,sol
0.12076,-77.7815,64.5952,sol
0.18988,-77.7857,64.5969,sol
0.14618,-77.792,64.5994,sol
0.089488,-77.7995,64.6025,foret
0.14181,-77.8137,64.6083,sol
0.21073,-77.8256,64.6131,sol
0.29845,-77.8276,64.6139,eau
0.1436,-77.8308,64.6152,sol
0.19462,-77.8369,64.6176,sol
0.086334,-77.8416,64.6196,foret
0.25537,-77.8466,64.6216,eau
0.20371,-77.8548,64.6249,sol
0.12617,-77.8653,64.6292,sol
0.14797,-77.8788,64.6347,sol
0.2367,-77.8866,64.6378,eau
0.11435,-77.8915,64.6398,sol
0.14394,-77.9042,64.6449,sol
0.097958,-77.9148,64.6492,foret
0.15746,-77.9194,64.6511,sol
0.26099,-77.924,64.6529,eau
0.15848,-77.9279,64.6545,sol
0.30468,-77.9328,64.6564,eau
0.17457,-77.9389,64.6589,sol
0.12079,-77.9455,64.6616,sol
0.16117,-77.9608,64.6677,sol
0.29739,-77.9753,64.6735,eau
0.2017,-77.9816,64.6761,sol
0.12884,-77.989,64.679,sol
0.21378,-77.9947,64.6813,sol
0.12313,-78.0065,64.6861,sol
0.30321,-78.0179,64.6906,eau
0.18438,-78.0227,64.6925,sol
0.16681,-78.0347,64.6973,sol
0.25381,-78.0455,64.7017,eau
0.14159,-78.0569,64.7063,sol
0.20785,-78.0687,64.711,sol
0.14556,-78.074,64.7131,sol
0.2146,-78.0789,64.7151,sol
0.15267,-78.0956,64.7217,sol
0.14066,-78.1137,64.729,sol
0.1761,-78.1348,64.7375,sol
0.13882,-78.1546,64.7453,sol
0.19152,-78.159,64.7471,sol
0.11678,-78.1634,64.7489,sol
0.2949,-78.1659,64.7499,eau
0.1465,-78.1746,64.7533,sol
0.095813,-78.1834,64.7569,foret
0.17116,-78.1895,64.7593,sol
0.1503,-78.205,64.7655,sol
0.23505,-78.2178,64.7705,eau
0.15716,-78.2235,64.7728,sol
0.099363,-78.2306,64.7756,foret
0.18417,-78.2353,64.7775,sol
0.11526,-78.2388,64.7789,sol
0.19397,-78.2422,64.7802,sol
0.16082,-78.2594,64.787,sol
0.1179,-78.2843,64.7969,sol
0.15829,-78.3024,64.804,sol
0.20553,-78.3139,64.8085,sol
0.12735,-78.3208,64.8113,sol
0.24099,-78.3281,64.8142,eau
0.16091,-78.3361,64.8173,sol
0.24118,-78.3436,64.8202,eau
0.16147,-78.3559,64.8251,sol
0.21948,-78.3674,64.8296,eau
0.15044,-78.3734,64.832,sol
0.28741,-78.3794,64.8343,eau
0.13497,-78.3865,64.8371,sol
0.17741,-78.3944,64.8402,sol
0.10889,-78.3984,64.8418,foret
0.17324,-78.4068,64.8451,sol
0.15722,-78.4218,64.8509,sol
0.17065,-78.4347,64.8559,sol
0.13122,-78.4436,64.8594,sol
0.18992,-78.4502,64.862,sol
0.10814,-78.4536,64.8633,foret
0.29532,-78.4561,64.8643,eau
0.12646,-78.4602,64.8659,sol
0.20672,-78.4642,64.8675,sol
0.12165,-78.4673,64.8687,sol
0.19483,-78.4714,64.8703,sol
0.28818,-78.4734,64.871,eau
0.10001,-78.4757,64.872,foret
0.17584,-78.481,64.874,sol
0.23052,-78.4853,64.8757,eau
0.12341,-78.4911,64.8779,sol
0.22108,-78.4968,64.8802,eau
0.16612,-78.5004,64.8816,sol
0.088234,-78.5038,64.8829,foret
0.18323,-78.5063,64.8839,sol
0.11085,-78.5107,64.8856,sol
0.19278,-78.5156,64.8875,sol
0.1298,-78.528,64.8923,sol
0.12877,-78.5573,64.9036,sol
0.17893,-78.583,64.9136,sol
0.11827,-78.5931,64.9175,sol
0.18481,-78.5973,64.9191,sol
0.13725,-78.615,64.9259,sol
0.18605,-78.6341,64.9333,sol
0.14936,-78.6431,64.9368,sol
0.22464,-78.6505,64.9396,eau
0.16591,-78.657,64.9421,sol
0.11327,-78.6641,64.9448,sol
0.13516,-78.6706,64.9473,sol
0.16967,-78.6829,64.9521,sol
0.13177,-78.6967,64.9574,sol
0.18937,-78.704,64.9602,sol
0.13749,-78.7065,64.9611,sol
0.1914,-78.7103,64.9626,sol
0.13336,-78.7151,64.9644,sol
0.20216,-78.7194,64.9661,sol
0.15557,-78.7284,64.9695,sol
0.11921,-78.7367,64.9727,sol
0.20707,-78.7398,64.9739,sol
0.14499,-78.7467,64.9765,sol
0.12061,-78.7534,64.9791,sol
0.21028,-78.7605,64.9818,sol
0.15118,-78.7711,64.9859,sol
0.21842,-78.7794,64.989,eau
0.11471,-78.7842,64.9909,sol
0.14601,-78.7943,64.9947,sol
0.16413,-78.8093,65.0004,sol
0.15279,-78.836,65.0106,sol
0.24766,-78.8593,65.0195,eau
0.11467,-78.8638,65.0212,sol
0.27317,-78.8683,65.0229,eau
0.38657,-78.8723,65.0244,eau
0.14331,-78.8775,65.0264,sol
0.18259,-78.8851,65.0293,sol
0.27924,-78.8903,65.0312,eau
0.35536,-78.8946,65.0329,eau
0.42898,-78.8988,65.0344,eau
0.19205,-78.9036,65.0363,sol
0.51028,-78.9083,65.038,eau
0.3876,-78.9115,65.0393,eau
0.24736,-78.9162,65.041,eau
0.41735,-78.9209,65.0428,eau
0.21816,-78.927,65.0451,eau
0.1433,-78.9329,65.0474,sol
0.37507,-78.9382,65.0493,eau
0.1767,-78.947,65.0527,sol
0.093975,-78.9555,65.0559,foret
0.13257,-78.9634,65.0589,sol
0.1295,-78.982,65.0659,sol
0.16411,-78.9988,65.0722,sol
0.12086,-79.0229,65.0812,sol
0.141,-79.0562,65.0937,sol
0.20204,-79.0697,65.0987,sol
0.13656,-79.0781,65.1019,sol
0.10853,-79.0911,65.1067,foret
0.14391,-79.1009,65.1104,sol
0.075313,-79.1061,65.1123,foret
0.15466,-79.1117,65.1144,sol
0.24562,-79.1184,65.1169,eau
0.14994,-79.1259,65.1197,sol
0.24525,-79.1324,65.1221,eau
0.14766,-79.143,65.1261,sol
0.13839,-79.1619,65.1331,sol
0.15023,-79.1789,65.1394,sol
0.27793,-79.1879,65.1427,eau
0.13751,-79.1963,65.1459,sol
0.21073,-79.2046,65.1489,sol
0.14602,-79.2175,65.1537,sol
0.22141,-79.2303,65.1584,eau
0.15243,-79.2351,65.1602,sol
0.22706,-79.2397,65.1619,eau
0.11468,-79.2427,65.163,sol
0.2125,-79.246,65.1642,sol
0.12491,-79.256,65.1679,sol
0.11036,-79.2727,65.174,sol
0.10939,-79.294,65.1819,foret
0.11328,-79.3195,65.1913,sol
0.17646,-79.3342,65.1966,sol
0.12359,-79.3582,65.2054,sol
0.17858,-79.3833,65.2146,sol
0.11184,-79.4105,65.2246,sol
0.13292,-79.4375,65.2345,sol
0.1089,-79.4602,65.2427,foret
0.16969,-79.4812,65.2504,sol
0.2995,-79.4852,65.2519,eau
0.22455,-79.4929,65.2547,eau
0.11582,-79.5142,65.2624,sol
0.16627,-79.5328,65.2692,sol
0.22314,-79.5368,65.2706,eau
0.14652,-79.5506,65.2756,sol
0.12627,-79.5792,65.286,sol
0.10077,-79.5985,65.293,foret
0.12368,-79.6105,65.2973,sol
0.19165,-79.6218,65.3014,sol
0.11579,-79.6264,65.3031,sol
0.25093,-79.6297,65.3043,eau
0.18567,-79.6363,65.3067,sol
0.12426,-79.6441,65.3094,sol
0.28999,-79.6485,65.311,eau
0.46466,-79.6551,65.3134,eau
0.38204,-79.6641,65.3167,eau
0.36403,-79.6792,65.3221,eau
0.23725,-79.6904,65.3261,eau
0.13587,-79.6996,65.3294,sol
0.12925,-79.7156,65.3352,sol
0.25917,-79.7258,65.3388,eau
0.31569,-79.7348,65.342,eau
0.51629,-79.7435,65.3451,eau
0.32008,-79.7497,65.3474,eau
0.41649,-79.7567,65.3499,eau
0.33619,-79.7633,65.3522,eau
0.43687,-79.7701,65.3547,eau
0.3364,-79.7833,65.3594,eau
0.37788,-79.7974,65.3644,eau
0.28361,-79.8015,65.3659,eau
0.13614,-79.8143,65.3704,sol
0.10958,-79.834,65.3774,foret
0.14552,-79.8513,65.3835,sol
0.24208,-79.8658,65.3887,eau
0.14274,-79.8782,65.3931,sol
0.21833,-79.8879,65.3965,eau
0.12682,-79.8942,65.3987,sol
0.22236,-79.9036,65.402,eau
0.37659,-79.9103,65.4044,eau
0.51036,-79.9145,65.4059,eau
0.32451,-79.9197,65.4077,eau
0.47587,-79.9243,65.4093,eau
0.35693,-79.9304,65.4114,eau
0.44149,-79.9364,65.4136,eau
0.33463,-79.9434,65.416,eau
0.36747,-79.9535,65.4196,eau
0.42504,-79.9617,65.4224,eau
0.30998,-79.967,65.4243,eau
0.33959,-79.9759,65.4274,eau
0.36172,-79.9864,65.4311,eau
0.30016,-79.9907,65.4326,eau
0.39832,-79.9938,65.4337,eau
0.32509,-80,65.4358,eau
0.3903,-80.0102,65.4393,eau
0.27473,-80.0179,65.442,eau
0.21348,-80.0197,65.4427,sol
0.35682,-80.0227,65.4437,eau
0.1803,-80.0282,65.4456,sol
0.12945,-80.0415,65.4503,sol
0.27015,-80.055,65.455,eau
0.44779,-80.0598,65.4566,eau
0.386,-80.0645,65.4582,eau
0.32876,-80.0685,65.4597,eau
0.45069,-80.0714,65.4606,eau
0.30798,-80.0756,65.4621,eau
0.36134,-80.0842,65.4651,eau
0.28678,-80.0902,65.4672,eau
0.39569,-80.1001,65.4706,eau
0.44404,-80.1117,65.4746,eau
0.33551,-80.1174,65.4766,eau
0.15257,-80.1296,65.4808,sol
0.14482,-80.1638,65.4927,sol
0.11569,-80.1954,65.5035,sol
0.1539,-80.2071,65.5076,sol
0.2215,-80.2217,65.5126,eau
0.11918,-80.2501,65.5224,sol
0.21401,-80.2705,65.5294,sol
0.2855,-80.2742,65.5306,eau
0.40741,-80.2842,65.5341,eau
0.3506,-80.2967,65.5384,eau
0.38789,-80.3024,65.5403,eau
0.48155,-80.3055,65.5414,eau
0.41859,-80.3109,65.5432,eau
0.27505,-80.3165,65.5451,eau
0.14222,-80.3368,65.5521,sol
0.14551,-80.3582,65.5594,sol
0.24542,-80.3662,65.5621,eau
0.48827,-80.3727,65.5643,eau
0.40461,-80.376,65.5655,eau
0.34461,-80.3791,65.5665,eau
0.42016,-80.3887,65.5698,eau
0.48737,-80.3976,65.5728,eau
0.39298,-80.4043,65.5751,eau
0.51424,-80.4106,65.5772,eau
0.30075,-80.4133,65.5782,eau
0.57991,-80.4157,65.579,eau
0.37012,-80.419,65.5801,eau
0.13289,-80.4601,65.594,sol
0.11948,-80.5653,65.6294,sol
0.12398,-80.6404,65.6545,sol
0.12119,-80.6584,65.6606,sol
0.16409,-80.67,65.6644,sol
0.1247,-80.6879,65.6704,sol
0.10949,-80.7085,65.6772,foret
0.10726,-80.75,65.691,foret
0.12783,-80.8337,65.7187,sol
0.25587,-80.8829,65.7349,eau
0.10336,-80.887,65.7362,foret
0.19044,-80.8983,65.7399,sol
0.19279,-80.9114,65.7442,sol
0.1392,-80.9285,65.7499,sol
0.08155,-80.9419,65.7542,foret
0.21715,-80.945,65.7552,sol
0.14006,-80.9581,65.7595,sol
0.070538,-80.9697,65.7633,foret
0.18135,-80.9745,65.7649,sol
0.07497,-80.9793,65.7665,foret
0.1962,-80.9824,65.7675,sol
0.11207,-80.991,65.7703,sol
0.19291,-81.0006,65.7734,sol
0.10783,-81.0063,65.7753,foret
0.14986,-81.0186,65.7793,sol
0.1429,-81.0369,65.7852,sol
0.30636,-81.0477,65.7888,eau
0.4752,-81.0534,65.7906,eau
0.3409,-81.0587,65.7923,eau
0.40291,-81.0685,65.7955,eau
0.30123,-81.0802,65.7993,eau
0.2386,-81.0852,65.8009,eau
0.068392,-81.0871,65.8015,foret
0.11941,-81.103,65.8067,sol
0.11219,-81.1233,65.8133,sol
0.16432,-81.1321,65.8161,sol
0.23605,-81.1369,65.8177,eau
0.40892,-81.1403,65.8188,eau
0.33442,-81.146,65.8206,eau
0.41025,-81.1547,65.8234,eau
0.31899,-81.1638,65.8263,eau
0.44749,-81.1697,65.8282,eau
0.36468,-81.1757,65.8302,eau
0.30269,-81.1801,65.8316,eau
0.10781,-81.2401,65.8509,foret
0.10536,-81.3209,65.8768,foret
0.090744,-81.3498,65.886,foret
0.12788,-81.3653,65.8909,sol
0.0756,-81.3752,65.8941,foret
0.12997,-81.3844,65.897,sol
0.18669,-81.3942,65.9001,sol
0.12035,-81.3976,65.9012,sol
0.17072,-81.4081,65.9046,sol
0.11493,-81.4211,65.9087,sol
0.20603,-81.4275,65.9107,sol
0.26015,-81.4316,65.912,eau
0.12688,-81.4436,65.9158,sol
0.20152,-81.4554,65.9196,sol
0.1187,-81.46,65.921,sol
0.16875,-81.4654,65.9227,sol
0.11487,-81.4768,65.9263,sol
0.20073,-81.4861,65.9293,sol
0.12165,-81.5172,65.9391,sol
0.17462,-81.5525,65.9501,sol
0.11641,-81.5672,65.9547,sol
0.20572,-81.5804,65.9588,sol
0.12279,-81.587,65.9609,sol
0.26534,-81.5936,65.9629,eau
0.36002,-81.5982,65.9644,eau
0.23447,-81.6015,65.9654,eau
0.17176,-81.6057,65.9667,sol
0.13649,-81.6263,65.9731,sol
0.1999,-81.6511,65.9807,sol
0.10659,-81.66,65.9835,foret
0.18571,-81.6651,65.9851,sol
0.27089,-81.6687,65.9862,eau
0.3886,-81.6727,65.9874,eau
0.14157,-81.687,65.9918,sol
0.17033,-81.7081,65.9983,sol
0.1457,-81.7205,66.0021,sol
0.20063,-81.7238,66.0031,sol
0.14923,-81.7306,66.0052,sol
0.21344,-81.7377,66.0074,sol
0.11774,-81.7432,66.0091,sol
0.19857,-81.749,66.0109,sol
0.10092,-81.753,66.0121,foret
0.19325,-81.7569,66.0133,sol
0.12922,-81.7635,66.0154,sol
0.24126,-81.7706,66.0175,eau
0.13401,-81.7858,66.0222,sol
0.21322,-81.8025,66.0273,sol
0.34315,-81.8101,66.0296,eau
0.26337,-81.8156,66.0313,eau
0.36777,-81.8203,66.0328,eau
0.29333,-81.8248,66.0342,eau
0.42404,-81.8277,66.035,eau
0.14426,-81.842,66.0394,sol
0.1793,-81.8572,66.044,sol
0.11813,-81.8985,66.0566,sol
0.2097,-81.9389,66.0689,sol
0.12893,-81.9441,66.0705,sol
0.21026,-81.9504,66.0724,sol
0.33485,-81.9557,66.074,eau
0.41142,-81.9682,66.0778,eau
0.21947,-81.9829,66.0822,eau
0.11871,-82.0213,66.0938,sol
0.17738,-82.0612,66.1058,sol
0.21902,-82.0721,66.109,eau
0.36972,-82.0788,66.111,eau
0.26662,-82.0843,66.1127,eau
0.12684,-82.1086,66.12,sol
0.15614,-82.133,66.1273,sol
0.29961,-82.1365,66.1283,eau
0.14544,-82.1503,66.1324,sol
0.21215,-82.1654,66.137,sol
0.15711,-82.1705,66.1385,sol
0.25844,-82.181,66.1416,eau
0.17866,-82.1924,66.145,sol
0.14568,-82.2109,66.1505,sol
0.12829,-82.2292,66.156,sol
0.20447,-82.2352,66.1578,sol
0.1327,-82.249,66.1619,sol
0.19621,-82.2637,66.1662,sol
0.14366,-82.2729,66.169,sol
0.24452,-82.2807,66.1713,eau
0.13094,-82.3091,66.1797,sol
0.061165,-82.3364,66.1878,foret
0.16851,-82.3456,66.1905,sol
0.12492,-82.364,66.1959,sol
0.14233,-82.3862,66.2025,sol
0.22025,-82.4002,66.2066,eau
0.14469,-82.4163,66.2113,sol
0.15537,-82.4394,66.2181,sol
0.15496,-82.4697,66.227,sol
0.15073,-82.4937,66.234,sol
0.0994,-82.4995,66.2357,foret
0.16038,-82.5135,66.2397,sol
0.13402,-82.5498,66.2501,sol
0.16113,-82.5846,66.26,sol
0.23923,-82.5948,66.2629,eau
0.13727,-82.6161,66.269,sol
0.10682,-82.6451,66.2772,foret
0.12483,-82.6693,66.2841,sol
0.17361,-82.6857,66.2888,sol
0.11103,-82.7032,66.2938,sol
0.1065,-82.7724,66.3136,foret
0.15348,-82.8303,66.3303,sol
0.098145,-82.8467,66.335,foret
0.18854,-82.87,66.3418,sol
0.25923,-82.8859,66.3464,eau
0.21069,-82.902,66.3511,sol
0.16204,-82.9141,66.3546,sol
0.099295,-82.9679,66.3701,foret
0.18699,-83.0213,66.3855,sol
0.26242,-83.0274,66.3872,eau
0.18147,-83.0338,66.3891,sol
0.099749,-83.0556,66.3953,foret
0.085744,-83.1188,66.4133,foret
0.0067691,-83.1609,66.4253,foret
0.11407,-83.1641,66.4262,sol
0.22718,-83.1999,66.4363,eau
0.14477,-83.2341,66.446,sol
0.2604,-83.2406,66.4478,eau
0.21352,-83.2468,66.4496,sol
0.27755,-83.253,66.4513,eau
0.22608,-83.2671,66.4553,eau
0.098385,-83.2905,66.4619,foret
0.13195,-83.3093,66.4671,sol
0.083249,-83.3393,66.4755,foret
0.12104,-83.3697,66.484,sol
0.07052,-83.3772,66.4861,foret
0.16778,-83.3825,66.4876,sol
0.098445,-83.3947,66.4909,foret
0.13453,-83.4049,66.4938,sol
0.22658,-83.4087,66.4948,eau
0.15423,-83.4123,66.4958,sol
0.087655,-83.4766,66.5136,foret
0.24938,-83.5427,66.5318,eau
0.11318,-83.5608,66.5368,sol
0.13297,-83.5855,66.5435,sol
0.10112,-83.6028,66.5483,foret
0.11428,-83.6237,66.554,sol
0.11654,-83.652,66.5617,sol
0.10415,-83.6994,66.5746,foret
0.10552,-83.7432,66.5865,foret
0.17754,-83.7571,66.5903,sol
0.10263,-83.8072,66.6038,foret
0.084767,-83.8805,66.6236,foret
0.087507,-83.9602,66.645,foret
0.06649,-84.0169,66.6602,foret
0.11848,72.3538,59.613,sol
0.11063,72.3399,59.6053,sol
0.11137,72.3108,59.5892,sol
0.11315,72.284,59.5744,sol
0.12452,72.2516,59.5564,sol
0.17541,72.2236,59.5408,sol
0.12996,72.2192,59.5383,sol
0.073379,72.2156,59.5363,foret
0.19109,72.2134,59.5351,sol
0.12833,72.2088,59.5325,sol
0.2155,72.2052,59.5305,sol
0.13185,72.2012,59.5283,sol
0.17218,72.1909,59.5225,sol
0.085827,72.1828,59.518,foret
0.13706,72.1801,59.5165,sol
0.26389,72.1776,59.5151,eau
0.14382,72.1656,59.5084,sol
0.092234,72.153,59.5014,foret
0.14274,72.1449,59.4968,sol
0.19051,72.1349,59.4913,sol
0.10961,72.1305,59.4888,foret
0.15498,72.1263,59.4864,sol
0.15299,72.1195,59.4826,sol
0.20213,72.1151,59.4801,sol
0.14139,72.101,59.4722,sol
0.11518,72.0865,59.4641,sol
0.17798,72.0843,59.4628,sol
0.13378,72.0675,59.4534,sol
0.1134,72.0504,59.4438,sol
0.1533,72.0431,59.4397,sol
0.19041,72.0351,59.4352,sol
0.11314,72.0264,59.4302,sol
0.18891,72.0183,59.4257,sol
0.14493,72.0138,59.4232,sol
0.12524,72.0033,59.4172,sol
0.18808,71.9943,59.4121,sol
0.11966,71.9901,59.4097,sol
0.26913,71.9863,59.4076,eau
0.13465,71.9829,59.4057,sol
0.081915,71.9795,59.4037,foret
0.1325,71.964,59.3949,sol
0.21801,71.9487,59.3862,eau
0.1357,71.9458,59.3845,sol
0.19058,71.9412,59.3819,sol
0.13996,71.9372,59.3797,sol
0.078627,71.9353,59.3785,foret
0.1667,71.9327,59.3771,sol
0.09287,71.9299,59.3755,foret
0.14423,71.9085,59.3633,sol
0.20105,71.887,59.351,sol
0.12352,71.8815,59.3479,sol
0.18132,71.8761,59.3448,sol
0.086599,71.8739,59.3435,foret
0.14685,71.866,59.339,sol
0.12407,71.8526,59.3314,sol
0.20279,71.844,59.3265,sol
0.11947,71.8369,59.3224,sol
0.072037,71.8316,59.3193,foret
0.1158,71.8288,59.3177,sol
0.12336,71.8097,59.3067,sol
0.15248,71.7916,59.2963,sol
0.12595,71.77,59.2839,sol
0.15145,71.7453,59.2696,sol
0.12986,71.734,59.2631,sol
0.13542,71.722,59.2561,sol
0.1116,71.6904,59.2378,sol
0.11475,71.6546,59.217,sol
0.13794,71.6359,59.2061,sol
0.088058,71.6231,59.1986,foret
0.13072,71.6125,59.1924,sol
0.11611,71.587,59.1776,sol
0.17652,71.5675,59.1662,sol
0.091139,71.5655,59.165,foret
0.11855,71.5601,59.1619,sol
0.18098,71.5533,59.1579,sol
0.13006,71.5438,59.1523,sol
0.073542,71.5362,59.1478,foret
0.13718,71.5324,59.1456,sol
0.11603,71.5169,59.1365,sol
0.15847,71.5021,59.1278,sol
0.098478,71.4983,59.1255,foret
0.17107,71.4954,59.1238,sol
0.12125,71.4867,59.1186,sol
0.13174,71.4722,59.1101,sol
0.18744,71.4642,59.1054,sol
0.10902,71.4312,59.0858,foret
0.13818,71.3982,59.0662,sol
0.078231,71.3965,59.0652,foret
0.12276,71.3905,59.0617,sol
0.0535,71.3851,59.0584,foret
0.12274,71.3607,59.0439,sol
0.17148,71.3357,59.029,sol
0.1104,71.3234,59.0217,sol
0.1891,71.3111,59.0144,sol
0.1166,71.3002,59.0078,sol
0.20234,71.2875,59.0002,sol
0.11305,71.2734,58.9918,sol
0.17179,71.2613,58.9845,sol
0.1057,71.244,58.9741,foret
0.2003,71.2262,58.9633,sol
0.27955,71.2235,58.9618,eau
0.36121,71.2211,58.9603,eau
0.22955,71.2172,58.958,eau
0.29782,71.2113,58.9544,eau
0.11766,71.1787,58.9346,sol
0.26692,71.1488,58.9165,eau
0.15079,71.1408,58.9116,sol
0.3242,71.1318,58.9062,eau
0.11806,71.1187,58.8983,sol
0.11358,71.096,58.8844,sol
0.16028,71.0842,58.8772,sol
0.094176,71.0825,58.8762,foret
0.10874,71.0472,58.8547,foret
0.17403,71.012,58.8332,sol
0.1379,70.9983,58.8248,sol
0.25004,70.9856,58.817,eau
0.32747,70.9839,58.8159,eau
0.19933,70.9809,58.8141,sol
0.11688,70.9668,58.8054,sol
0.12676,70.9507,58.7955,sol
0.21375,70.9463,58.7928,sol
0.12028,70.9328,58.7844,sol
0.19109,70.9196,58.7763,sol
0.13215,70.8953,58.7612,sol
0.2312,70.871,58.7461,eau
0.13355,70.8566,58.7371,sol
0.077562,70.8421,58.7281,foret
0.12349,70.8322,58.7219,sol
0.14762,70.8148,58.711,sol
0.18316,70.8047,58.7047,sol
0.11758,70.7983,58.7007,sol
0.14279,70.7879,58.6942,sol
0.178,70.7812,58.69,sol
0.29084,70.7795,58.689,eau
0.15066,70.7689,58.6823,sol
0.15749,70.7582,58.6756,sol
0.12736,70.7537,58.6728,sol
0.069618,70.7493,58.67,foret
0.12851,70.7397,58.664,sol
0.18655,70.7302,58.658,sol
0.092832,70.7284,58.6569,foret
0.13497,70.7204,58.6518,sol
0.27568,70.7131,58.6472,eau
0.077382,70.7122,58.6467,foret
0.1311,70.692,58.6339,sol
0.11259,70.6545,58.6102,sol
0.049702,70.6362,58.5986,foret
0.11648,70.6294,58.5942,sol
0.13857,70.6194,58.5879,sol
0.11985,70.6056,58.5791,sol
0.18184,70.5939,58.5716,sol
0.11457,70.5892,58.5686,sol
0.1619,70.5833,58.5649,sol
0.089436,70.5796,58.5625,foret
0.13179,70.5739,58.5589,sol
0.075411,70.5693,58.5559,foret
0.20422,70.5681,58.5551,sol
0.11731,70.5586,58.5491,sol
0.053404,70.5499,58.5435,foret
0.14539,70.5468,58.5415,sol
0.091122,70.5427,58.5389,foret
0.1879,70.5408,58.5376,sol
0.11493,70.5335,58.5329,sol
0.15974,70.5192,58.5237,sol
0.1665,70.5069,58.5158,sol
0.15369,70.5006,58.5118,sol
0.2548,70.4981,58.5102,eau
0.1333,70.4895,58.5046,sol
0.18192,70.4782,58.4973,sol
0.14481,70.4693,58.4915,sol
0.096205,70.4625,58.4871,foret
0.17257,70.4578,58.484,sol
0.25497,70.454,58.4816,eau
0.14107,70.4503,58.4792,sol
0.10673,70.4459,58.4764,foret
0.19945,70.4435,58.4748,sol
0.146,70.4377,58.4711,sol
0.19764,70.4326,58.4678,sol
0.14238,70.4263,58.4636,sol
0.19539,70.4195,58.4592,sol
0.14498,70.4118,58.4543,sol
0.087166,70.402,58.4479,foret
0.16909,70.3924,58.4417,sol
0.1237,70.3844,58.4365,sol
0.18425,70.3818,58.4347,sol
0.11452,70.3741,58.4297,sol
0.19981,70.3656,58.4242,sol
0.10042,70.3624,58.4221,foret
0.17532,70.3593,58.4201,sol
0.11991,70.3558,58.4178,sol
0.1794,70.3527,58.4158,sol
0.12093,70.3508,58.4146,sol
0.17694,70.3484,58.413,sol
0.10442,70.3462,58.4116,foret
0.14405,70.34,58.4075,sol
0.22511,70.333,58.403,eau
0.13072,70.3228,58.3963,sol
0.19845,70.3133,58.3901,sol
0.12383,70.303,58.3834,sol
0.21205,70.2923,58.3764,sol
0.15161,70.2882,58.3737,sol
0.12746,70.273,58.3638,sol
0.17886,70.2592,58.3548,sol
0.11814,70.2566,58.3531,sol
0.17279,70.2536,58.3511,sol
0.087833,70.2502,58.3489,foret
0.15405,70.2463,58.3464,sol
0.20444,70.2426,58.344,sol
0.13128,70.2323,58.3372,sol
0.18894,70.2219,58.3304,sol
0.13085,70.2007,58.3165,sol
0.12603,70.1721,58.2976,sol
0.17666,70.1632,58.2917,sol
0.12902,70.1597,58.2894,sol
0.12,70.1487,58.2821,sol
0.08883,70.1386,58.2754,foret
0.17968,70.1356,58.2734,sol
0.13487,70.1329,58.2716,sol
0.10388,70.1303,58.2699,foret
0.12624,70.1197,58.2628,sol
0.11664,70.1059,58.2536,sol
0.072457,70.1011,58.2504,foret
0.11318,70.0955,58.2466,sol
0.2417,70.0901,58.243,eau
0.095492,70.0877,58.2415,foret
0.12362,70.0677,58.228,sol
0.1661,70.0475,58.2145,sol
0.13115,70.039,58.2088,sol
0.10952,70.0284,58.2017,foret
0.17311,70.0238,58.1986,sol
0.090162,70.0214,58.197,foret
0.17606,70.018,58.1947,sol
0.07756,70.0155,58.193,foret
0.15077,70.0125,58.191,sol
0.20329,70.0089,58.1886,sol
0.14856,70.0031,58.1847,sol
0.25454,69.9979,58.1812,eau
0.10201,69.995,58.1793,foret
0.1572,69.9868,58.1737,sol
0.18315,69.98,58.1691,sol
0.12714,69.9749,58.1657,sol
0.28539,69.9699,58.1623,eau
0.38261,69.9685,58.1614,eau
0.28057,69.9665,58.16,eau
0.21756,69.9624,58.1572,eau
0.30859,69.9568,58.1534,eau
0.14447,69.9473,58.147,sol
0.32124,69.9383,58.1409,eau
0.28302,69.9337,58.1377,eau
0.33619,69.9301,58.1353,eau
0.27167,69.9255,58.1321,eau
0.31974,69.9202,58.1286,eau
0.26725,69.9148,58.1248,eau
0.40565,69.9104,58.1219,eau
0.29854,69.9078,58.1201,eau
0.20383,69.9046,58.1179,sol
0.079667,69.9025,58.1165,foret
0.13708,69.8974,58.113,sol
0.11585,69.8861,58.1052,sol
0.070104,69.8777,58.0995,foret
0.11747,69.8634,58.0898,sol
0.12402,69.8434,58.0761,sol
0.1204,69.8163,58.0574,sol
0.12411,69.7745,58.0286,sol
0.1479,69.7512,58.0125,sol
0.097411,69.7469,58.0095,foret
0.20225,69.743,58.0068,sol
0.11608,69.7404,58.005,sol
0.12458,69.7147,57.9872,sol
0.062366,69.6896,57.9697,foret
0.10981,69.681,57.9638,foret
0.13608,69.664,57.9519,sol
0.15044,69.6536,57.9446,sol
0.11003,69.6492,57.9416,sol
0.09229,69.6437,57.9377,foret
0.18815,69.6405,57.9355,sol
0.12073,69.6179,57.9198,sol
0.18629,69.5956,57.9041,sol
0.11644,69.5797,57.893,sol
0.18045,69.5635,57.8816,sol
0.12564,69.5602,57.8793,sol
0.075429,69.5567,57.8769,foret
0.12218,69.5522,57.8737,sol
0.13108,69.5425,57.8669,sol
0.19249,69.5338,57.8607,sol
0.14554,69.5268,57.8558,sol
0.071251,69.5214,57.852,foret
0.11593,69.5169,57.8489,sol
0.049708,69.5132,57.8462,foret
0.17274,69.511,57.8447,sol
0.23075,69.508,57.8426,eau
0.17166,69.506,57.8412,sol
0.11991,69.4882,57.8286,sol
0.076846,69.4691,57.8151,foret
0.11533,69.4627,57.8106,sol
0.11256,69.4288,57.7865,sol
0.1967,69.3983,57.7647,sol
0.093183,69.3964,57.7634,foret
0.1175,69.388,57.7574,sol
0.14247,69.3754,57.7484,sol
0.11301,69.3397,57.7229,sol
0.11095,69.2902,57.6874,sol
0.10838,69.2567,57.6634,foret
0.18045,69.2416,57.6525,sol
0.12247,69.2382,57.65,sol
0.1913,69.2337,57.6468,sol
0.29175,69.2268,57.6418,eau
0.20642,69.2206,57.6373,sol
0.28415,69.216,57.634,eau
0.10665,69.1924,57.6169,foret
0.11609,69.1541,57.589,sol
0.18228,69.1352,57.5753,sol
0.1148,69.1278,57.5699,sol
0.1064,69.1166,57.5617,foret
0.12057,69.1097,57.5566,sol
0.17075,69.1065,57.5543,sol
0.10813,69.0835,57.5374,foret
0.11312,69.0548,57.5163,sol
0.15996,69.0459,57.5097,sol
0.13051,69.0323,57.4996,sol
0.20286,69.0203,57.4908,sol
0.11994,69.0121,57.4847,sol
0.10985,68.9912,57.4692,foret
0.23618,68.9775,57.459,eau
0.31612,68.9748,57.457,eau
0.3832,68.9706,57.454,eau
0.26018,68.9685,57.4524,eau
0.1766,68.9663,57.4508,sol
0.10681,68.9522,57.4402,foret
0.22755,68.938,57.4297,eau
0.30262,68.9355,57.4279,eau
0.15108,68.9326,57.4257,sol
0.070549,68.9294,57.4233,foret
0.1299,68.9228,57.4184,sol
0.24894,68.916,57.4133,eau
0.1395,68.9106,57.4093,sol
0.11799,68.9008,57.4019,sol
0.29032,68.8944,57.3972,eau
0.12341,68.8925,57.3958,sol
0.31495,68.8907,57.3944,eau
0.23994,68.8895,57.3935,eau
0.11142,68.8832,57.3888,sol
0.17757,68.8761,57.3835,sol
0.10101,68.8693,57.3784,foret
0.12703,68.86,57.3715,sol
0.16473,68.8549,57.3676,sol
0.21625,68.8523,57.3657,sol
0.28716,68.8506,57.3644,eau
0.20001,68.8491,57.3633,sol
0.29941,68.8471,57.3618,eau
0.18373,68.845,57.3601,sol
0.33701,68.8424,57.3582,eau
0.2042,68.8402,57.3566,sol
0.3677,68.8388,57.3555,eau
0.25676,68.8365,57.3538,eau
0.28958,68.8301,57.349,eau
0.34463,68.8236,57.3441,eau
0.27258,68.82,57.3414,eau
0.17505,68.817,57.3391,sol
0.36361,68.815,57.3376,eau
0.20649,68.8132,57.3362,sol
0.34183,68.8115,57.335,eau
0.21884,68.8084,57.3326,eau
0.11164,68.7879,57.3171,sol
0.11305,68.7652,57.3,sol
0.17845,68.7601,57.296,sol
0.1362,68.755,57.2922,sol
0.10935,68.7491,57.2877,foret
0.18896,68.7464,57.2856,sol
0.12338,68.7305,57.2736,sol
0.10054,68.7125,57.2599,foret
0.17616,68.7083,57.2568,sol
0.10124,68.7048,57.2541,foret
0.20463,68.7017,57.2517,sol
0.13127,68.6966,57.2478,sol
0.073723,68.6915,57.2439,foret
0.16392,68.6899,57.2427,sol
0.10684,68.6861,57.2398,foret
0.035189,68.6831,57.2375,foret
0.12149,68.6732,57.23,sol
0.19695,68.6624,57.2217,sol
0.12656,68.6559,57.2168,sol
0.23121,68.6499,57.2121,eau
0.11394,68.6466,57.2097,sol
0.19321,68.6433,57.2071,sol
0.12178,68.6394,57.2041,sol
0.054565,68.6356,57.2012,foret
0.12751,68.6327,57.199,sol
0.18689,68.6284,57.1957,sol
0.28348,68.6255,57.1935,eau
0.11842,68.6217,57.1906,sol
0.06168,68.618,57.1877,foret
0.10614,68.614,57.1846,foret
0.1438,68.61,57.1816,sol
0.083341,68.6084,57.1803,foret
0.11491,68.5912,57.1671,sol
0.056556,68.5743,57.1541,foret
0.11335,68.5605,57.1434,sol
0.17005,68.5463,57.1324,sol
0.11272,68.5402,57.1277,sol
0.18029,68.5337,57.1227,sol
0.085526,68.5308,57.1205,foret
0.1814,68.528,57.1183,sol
0.10503,68.526,57.1167,foret
0.20582,68.5247,57.1157,sol
0.13371,68.52,57.112,sol
0.18407,68.5151,57.1083,sol
0.12131,68.5036,57.0992,sol
0.11889,68.4728,57.0751,sol
0.26459,68.4502,57.0574,eau
0.35845,68.4465,57.0544,eau
0.21141,68.4405,57.0497,sol
0.12814,68.4265,57.0388,sol
0.21796,68.4174,57.0317,eau
0.12688,68.4157,57.0303,sol
0.063883,68.4126,57.0279,foret
0.11286,68.4064,57.023,sol
0.16446,68.4001,57.018,sol
0.25226,68.3966,57.0153,eau
0.35001,68.3934,57.0127,eau
0.22325,68.3914,57.0112,eau
0.33994,68.3901,57.0102,eau
0.46587,68.389,57.0093,eau
0.37031,68.3862,57.007,eau
0.30793,68.3819,57.0037,eau
0.20009,68.3791,57.0015,sol
0.29809,68.3777,57.0003,eau
0.16103,68.3734,56.997,sol
0.20374,68.369,56.9935,sol
0.11425,68.3603,56.9866,sol
0.30316,68.3517,56.9798,eau
0.17492,68.3487,56.9774,sol
0.10285,68.3456,56.975,foret
0.18425,68.3437,56.9735,sol
0.11001,68.3395,56.9702,sol
0.1223,68.3325,56.9646,sol
0.1272,68.3153,56.951,sol
0.1453,68.294,56.934,sol
0.11787,68.2732,56.9174,sol
0.13026,68.2541,56.9021,sol
0.17126,68.247,56.8964,sol
0.1462,68.2425,56.8928,sol
0.09913,68.2367,56.8882,foret
0.19213,68.2342,56.8862,sol
0.12188,68.2286,56.8817,sol
0.13443,68.2225,56.8768,sol
0.212,68.2197,56.8745,sol
0.1154,68.212,56.8684,sol
0.12834,68.2002,56.8589,sol
0.12308,68.1808,56.8433,sol
0.16811,68.1663,56.8316,sol
0.11496,68.1614,56.8277,sol
0.21505,68.1558,56.8232,sol
0.16093,68.1523,56.8204,sol
0.092957,68.1496,56.8181,foret
0.12573,68.144,56.8136,sol
0.15475,68.1358,56.807,sol
0.20337,68.1319,56.8038,sol
0.1164,68.1293,56.8017,sol
0.1305,68.1203,56.7945,sol
0.22524,68.1131,56.7886,eau
0.13877,68.1044,56.7816,sol
0.095892,68.0952,56.7741,foret
0.14914,68.0927,56.772,sol
0.21176,68.0902,56.77,sol
0.12112,68.0888,56.7688,sol
0.20801,68.0873,56.7676,sol
0.15251,68.0748,56.7573,sol
0.19711,68.0612,56.7458,sol
0.29326,68.0581,56.7433,eau
0.1781,68.0545,56.7402,sol
0.29958,68.0517,56.7378,eau
0.12072,68.0507,56.737,sol
0.18132,68.0477,56.7344,sol
0.11968,68.0402,56.728,sol
0.13664,68.0312,56.7202,sol
0.20208,68.0255,56.7152,sol
0.11425,68.0232,56.7132,sol
0.16991,68.021,56.7113,sol
0.13577,68.0169,56.7077,sol
0.081031,68.0134,56.7046,foret
0.15345,68.0096,56.7012,sol
0.080556,68.0055,56.6977,foret
0.14366,68.0028,56.6953,sol
0.26156,68.0002,56.6929,eau
0.1524,67.9967,56.6899,sol
0.29169,67.9931,56.6866,eau
0.34176,67.9911,56.6849,eau
0.18195,67.9896,56.6836,sol
0.10304,67.9605,56.6574,foret
0.18779,67.9315,56.6312,sol
0.12471,67.9289,56.6288,sol
0.19844,67.9257,56.6259,sol
0.39181,67.924,56.6244,eau
0.26241,67.9224,56.6229,eau
0.18996,67.9208,56.6215,sol
0.25515,67.9186,56.6194,eau
0.16998,67.9162,56.6173,sol
0.25054,67.9143,56.6156,eau
0.16866,67.9112,56.6127,sol
0.22301,67.9067,56.6086,eau
0.16017,67.8996,56.6022,sol
0.093159,67.8912,56.5945,foret
0.16787,67.8853,56.589,sol
0.29575,67.8826,56.5866,eau
0.23398,67.8806,56.5848,eau
0.139,67.8764,56.5809,sol
0.092546,67.8667,56.5721,foret
0.11789,67.8553,56.5617,sol
0.18546,67.8498,56.5567,sol
0.091041,67.8471,56.5542,foret
0.15256,67.8444,56.5518,sol
0.094233,67.8362,56.5443,foret
0.098256,67.8193,56.5288,foret
0.16825,67.8089,56.5192,sol
0.10507,67.8024,56.5132,foret
0.10274,67.7876,56.4996,foret
0.15747,67.7779,56.4906,sol
0.21779,67.7759,56.4887,eau
0.058049,67.7737,56.4867,foret
0.13602,67.7716,56.4848,sol
0.11166,67.7676,56.481,sol
0.095223,67.7609,56.4748,foret
0.31007,67.7562,56.4705,eau
0.24252,67.754,56.4684,eau
0.13733,67.7475,56.4624,sol
0.10615,67.7165,56.4334,foret
0.11793,67.6853,56.4041,sol
0.14198,67.6785,56.3977,sol
0.10984,67.6706,56.3902,foret
0.16217,67.6626,56.3827,sol
0.10208,67.6586,56.3789,foret
0.13337,67.653,56.3737,sol
0.10278,67.6443,56.3654,foret
0.23986,67.6381,56.3595,eau
0.12228,67.636,56.3575,sol
0.26377,67.634,56.3557,eau
0.19688,67.6318,56.3536,sol
0.1286,67.6262,56.3483,sol
0.16116,67.6183,56.3408,sol
0.055141,67.6142,56.3369,foret
0.1537,67.6112,56.3341,sol
0.19075,67.6067,56.3298,sol
0.10857,67.6044,56.3276,foret
0.292,67.603,56.3263,eau
0.11924,67.5968,56.3204,sol
0.068135,67.5905,56.3144,foret
0.13257,67.5871,56.3112,sol
0.11579,67.5801,56.3046,sol
0.082018,67.5753,56.3,foret
0.16432,67.574,56.2988,sol
0.12145,67.5666,56.2917,sol
0.18723,67.5595,56.2849,sol
0.11179,67.5527,56.2785,sol
0.11334,67.544,56.2701,sol
0.20605,67.541,56.2672,sol
0.1119,67.5305,56.2572,sol
0.10531,67.5158,56.2431,foret
0.14992,67.51,56.2376,sol
0.094682,67.5058,56.2336,foret
0.085303,152.5484,71.0106,foret
0.14185,152.4908,71.0283,sol
0.096307,152.4558,71.039,foret
0.084378,152.3474,71.0719,foret
0.074533,152.2636,71.0972,foret
0.15476,152.2477,71.102,sol
0.10735,152.2308,71.1071,foret
0.18718,152.2203,71.1103,sol
0.088156,152.2131,71.1124,foret
0.10868,152.1975,71.1171,foret
0.26216,152.1848,71.1209,eau
0.11302,152.1646,71.1269,sol
0.25044,152.1443,71.133,eau
0.11131,152.1225,71.1395,sol
0.096349,152.0845,71.1508,foret
0.20064,152.0642,71.1569,sol
0.1484,152.0534,71.1601,sol
0.11291,152.0428,71.1632,sol
0.18488,152.0391,71.1643,sol
0.11995,152.0263,71.1681,sol
0.088228,152.0057,71.1742,foret
0.14343,151.992,71.1783,sol
0.21337,151.9862,71.18,sol
0.082761,151.9813,71.1815,foret
0.10083,151.8481,71.2207,foret
0.1552,151.7175,71.2591,sol
0.098889,151.6968,71.2651,foret
0.1914,151.6747,71.2716,sol
0.11515,151.6683,71.2734,sol
0.19398,151.662,71.2753,sol
0.11535,151.6489,71.2791,sol
0.16359,151.6353,71.2831,sol
0.10722,151.6242,71.2863,foret
0.174,151.6133,71.2895,sol
0.097436,151.6027,71.2926,foret
0.015985,151.5942,71.2951,foret
0.12228,151.5693,71.3022,sol
0.1054,151.5351,71.3121,foret
0.1851,151.5238,71.3154,sol
0.098269,151.4825,71.3273,foret
0.086437,151.4182,71.3457,foret
0.095977,151.3797,71.3567,foret
0.10548,151.3274,71.3716,foret
0.10164,151.2844,71.3838,foret
0.1021,151.2475,71.3942,foret
0.099486,151.1962,71.4086,foret
0.094202,151.1656,71.4171,foret
0.105,151.1417,71.4238,foret
0.086585,151.0998,71.4354,foret
0.15214,151.067,71.4446,sol
0.07485,151.06,71.4465,foret
0.14896,151.0539,71.4482,sol
0.10184,151.0143,71.4592,foret
0.1019,150.9706,71.4713,foret
0.18228,150.9625,71.4735,sol
0.10413,150.9245,71.484,foret
0.099814,150.8647,71.5006,foret
0.085658,150.6745,71.5528,foret
0.091106,150.491,71.6026,foret
0.15145,150.4733,71.6074,sol
0.11645,150.4357,71.6175,sol
0.19466,150.398,71.6275,sol
0.11309,150.3837,71.6313,sol
0.21951,150.3673,71.6357,eau
0.11178,150.3543,71.6392,sol
0.18396,150.3416,71.6426,sol
0.31833,150.335,71.6443,eau
0.10619,150.2598,71.6642,foret
0.13257,150.1839,71.6843,sol
0.29268,150.167,71.6888,eau
0.27672,150.1454,71.6945,eau
0.12342,150.1246,71.7,sol
0.055272,150.1114,71.7035,foret
0.12615,150.0992,71.7067,sol
0.092333,150.0841,71.7107,foret
0.15479,150.0637,71.716,sol
0.19059,150.0449,71.721,sol
0.1599,150.0293,71.7251,sol
0.27701,150.0138,71.7291,eau
0.13832,150.0031,71.7319,sol
0.26372,149.9916,71.735,eau
0.11904,149.9685,71.741,sol
0.15465,149.9465,71.7468,sol
0.096616,149.9194,71.7539,foret
0.15919,149.8921,71.761,sol
0.25687,149.8873,71.7623,eau
0.14812,149.8808,71.7639,sol
0.1171,149.8655,71.7679,sol
0.20113,149.8454,71.7732,sol
0.11767,149.8238,71.7788,sol
0.26952,149.8046,71.7837,eau
0.15468,149.7967,71.7858,sol
0.097716,149.7355,71.8016,foret
0.25086,149.6733,71.8176,eau
0.12025,149.6487,71.8239,sol
0.10868,149.6169,71.8321,foret
0.097515,149.5923,71.8384,foret
0.20428,149.575,71.8428,sol
0.13206,149.5659,71.8451,sol
0.18346,149.5559,71.8476,sol
0.10878,149.4863,71.8653,foret
0.22488,149.4174,71.8827,eau
0.14715,149.4134,71.8837,sol
0.48939,149.4108,71.8843,eau
0.32915,149.4055,71.8857,eau
0.12555,149.3902,71.8895,sol
0.20584,149.3771,71.8928,sol
0.28262,149.3685,71.895,eau
0.18703,149.3597,71.8972,sol
0.10716,149.352,71.8991,foret
0.22051,149.339,71.9024,eau
0.12057,149.3187,71.9075,sol
0.18087,149.3029,71.9114,sol
0.1226,149.2903,71.9145,sol
0.16885,149.2762,71.9181,sol
0.10493,149.258,71.9226,foret
0.15558,149.2413,71.9268,sol
0.079636,149.2367,71.9279,foret
0.11934,149.206,71.9355,sol
0.23941,149.171,71.9442,eau
0.17657,149.1578,71.9475,sol
0.35387,149.1469,71.9502,eau
0.12952,149.1328,71.9536,sol
0.20723,149.1207,71.9566,sol
0.10367,149.1137,71.9583,foret
0.18261,149.1012,71.9614,sol
0.30067,149.0899,71.9642,eau
0.12831,149.0831,71.9659,sol
0.26664,149.0776,71.9672,eau
0.19028,149.071,71.9688,sol
0.094585,149.0391,71.9767,foret
0.16473,149.0081,71.9843,sol
0.12373,148.9942,71.9877,sol
0.081106,148.9822,71.9906,foret
0.13913,148.976,71.9921,sol
0.099643,148.9634,71.9952,foret
0.2118,148.9511,71.9982,sol
0.15668,148.9432,72.0001,sol
0.11495,148.9103,72.0081,sol
0.12555,148.862,72.0197,sol
0.17602,148.8416,72.0246,sol
0.12564,148.8179,72.0303,sol
0.10647,148.7893,72.0372,foret
0.1843,148.7811,72.0392,sol
0.10583,148.7678,72.0423,foret
0.19754,148.7543,72.0456,sol
0.10868,148.7483,72.047,foret
0.18156,148.7356,72.05,sol
0.28008,148.7241,72.0528,eau
0.18706,148.7151,72.0549,sol
0.11737,148.6997,72.0586,sol
0.23232,148.6888,72.0612,eau
0.12294,148.6849,72.0621,sol
0.14894,148.6631,72.0672,sol
0.15502,148.6388,72.073,sol
0.11684,148.6244,72.0764,sol
0.21971,148.6125,72.0792,eau
0.16256,148.6076,72.0804,sol
0.12402,148.5934,72.0838,sol
0.17309,148.5732,72.0885,sol
0.060197,148.5619,72.0912,foret
0.19237,148.5574,72.0923,sol
0.11876,148.5195,72.1012,sol
0.18836,148.4791,72.1108,sol
0.12793,148.461,72.115,sol
0.17707,148.4449,72.1188,sol
0.10219,148.4149,72.1258,foret
0.15441,148.3844,72.133,sol
0.10768,148.362,72.1383,foret
0.1796,148.3409,72.1432,sol
0.11015,148.294,72.1542,sol
0.21192,148.2486,72.1648,sol
0.3247,148.2453,72.1656,eau
0.17313,148.2384,72.1672,sol
0.11547,148.223,72.1707,sol
0.143,148.2093,72.1739,sol
0.11038,148.172,72.1827,sol
0.14505,148.1306,72.1923,sol
0.2511,148.1223,72.1943,eau
0.13288,148.1175,72.1954,sol
0.18484,148.1096,72.1972,sol
0.12339,148.0999,72.1995,sol
0.20216,148.0936,72.2009,sol
0.12163,148.0793,72.2043,sol
0.078514,148.0645,72.2077,foret
0.14805,148.0527,72.2105,sol
0.11388,148.0233,72.2173,sol
0.12325,147.9874,72.2256,sol
0.10328,147.9632,72.2312,foret
0.18322,147.9528,72.2336,sol
0.10929,147.9425,72.2359,foret
0.19777,147.9308,72.2386,sol
0.11665,147.9183,72.2415,sol
0.17243,147.907,72.2441,sol
0.092788,147.9017,72.2452,foret
0.17996,147.8969,72.2463,sol
0.10416,147.8845,72.2492,foret
0.23326,147.8686,72.2528,eau
0.17475,147.8352,72.2604,sol
0.19342,147.8001,72.2683,sol
0.3524,147.789,72.2708,eau
0.17646,147.7837,72.272,sol
0.11469,147.7791,72.2731,sol
0.24577,147.7719,72.2747,eau
0.12709,147.7649,72.2762,sol
0.29475,147.7599,72.2774,eau
0.19098,147.7542,72.2787,sol
0.096693,147.7432,72.2811,foret
0.18874,147.7337,72.2833,sol
0.12011,147.7221,72.2859,sol
0.10015,147.6429,72.3036,foret
0.099843,147.5141,72.3323,foret
0.068711,147.4505,72.3465,foret
0.15254,147.4394,72.3489,sol
0.10363,147.4265,72.3518,foret
0.18102,147.4146,72.3544,sol
0.30442,147.3982,72.358,eau
0.23098,147.3833,72.3613,eau
0.3568,147.3729,72.3635,eau
0.41866,147.3641,72.3655,eau
0.35409,147.3556,72.3673,eau
0.2116,147.3484,72.3689,sol
0.15496,147.3413,72.3704,sol
0.22283,147.3332,72.3722,eau
0.12936,147.3078,72.3778,sol
0.22269,147.2818,72.3834,eau
0.10491,147.2693,72.3862,foret
0.16927,147.2573,72.3888,sol
0.12456,147.2398,72.3926,sol
0.2395,147.2219,72.3965,eau
0.1208,147.2114,72.3988,sol
0.15022,147.2001,72.4012,sol
0.30214,147.1932,72.4027,eau
0.18301,147.1802,72.4056,sol
0.1456,147.1675,72.4083,sol
0.25589,147.1622,72.4094,eau
0.17343,147.1598,72.41,sol
0.12166,147.1521,72.4116,sol
0.2992,147.1406,72.4141,eau
0.13661,147.1316,72.4161,sol
0.21096,147.1245,72.4176,sol
0.15681,147.118,72.419,sol
0.09291,147.0998,72.4229,foret
0.12493,147.0812,72.4269,sol
0.24795,147.0739,72.4285,eau
0.1065,147.0659,72.4302,foret
0.19284,147.0584,72.4318,sol
0.097148,147.0503,72.4336,foret
0.15917,147.0413,72.4355,sol
0.10001,147.0239,72.4393,foret
0.04632,147.0076,72.4428,foret
0.1005,146.9839,72.4478,foret
0.094124,146.9375,72.4577,foret
0.092787,146.8199,72.4827,foret
0.11384,146.7032,72.5074,sol
0.17085,146.6774,72.5128,sol
0.11711,146.6447,72.5197,sol
0.11178,146.5903,72.5311,sol
0.17257,146.5643,72.5365,sol
0.098611,146.558,72.5378,foret
0.11256,146.5244,72.5448,sol
0.16234,146.4914,72.5517,sol
0.078556,146.4829,72.5534,foret
0.088018,146.4024,72.5701,foret
0.091485,146.3103,72.5892,foret
0.11886,146.2878,72.5938,sol
0.087603,146.279,72.5956,foret
0.13846,146.2522,72.6011,sol
0.22869,146.2184,72.6081,eau
0.37268,146.207,72.6104,eau
0.30314,146.1964,72.6126,eau
0.24515,146.1823,72.6155,eau
0.28715,146.1639,72.6193,eau
0.15278,146.1359,72.625,sol
0.085882,146.1058,72.6312,foret
0.16808,146.0884,72.6347,sol
0.091362,146.0719,72.6381,foret
0.19448,146.0494,72.6426,sol
0.32416,146.0364,72.6453,eau
0.16928,146.0258,72.6474,sol
0.10543,146.004,72.6518,foret
0.20089,145.9857,72.6556,sol
0.10138,145.9508,72.6626,foret
0.13958,145.9118,72.6705,sol
0.23727,145.901,72.6726,eau
0.13918,145.8874,72.6754,sol
0.10422,145.8621,72.6805,foret
0.13262,145.8429,72.6844,sol
0.089158,145.8215,72.6887,foret
0.1489,145.7964,72.6938,sol
0.11429,145.7736,72.6983,sol
0.2664,145.7575,72.7016,eau
0.12248,145.7398,72.7051,sol
0.19748,145.7204,72.709,sol
0.11466,145.706,72.7119,sol
0.091776,145.6802,72.7171,foret
0.10886,145.6437,72.7244,foret
0.17497,145.6186,72.7294,sol
0.052262,145.6147,72.7302,foret
0.096958,145.5486,72.7435,foret
0.080226,145.4813,72.7569,foret
0.14126,145.4706,72.759,sol
0.29143,145.4546,72.7621,eau
0.22572,145.4426,72.7645,eau
0.29344,145.4281,72.7674,eau
0.11576,145.41,72.7709,sol
0.17996,145.4004,72.7728,sol
0.10167,145.3573,72.7813,foret
0.084554,145.2785,72.7967,foret
0.10917,145.2082,72.8104,foret
0.11144,145.1099,72.8295,sol
0.013957,145.0436,72.8422,foret
0.093531,145.0137,72.848,foret
0.17841,144.9809,72.8543,sol
0.33982,144.9716,72.856,eau
0.16859,144.9624,72.8578,sol
0.07407,144.9561,72.859,foret
0.13106,144.9516,72.8599,sol
0.10262,144.9361,72.8628,foret
0.08664,144.7743,72.8936,foret
0.18101,144.624,72.9219,sol
0.1102,144.5911,72.9281,sol
0.20592,144.5554,72.9348,sol
0.11929,144.504,72.9444,sol
0.1494,144.4554,72.9534,sol
0.08146,144.4404,72.9562,foret
0.23342,144.4224,72.9595,eau
0.097411,144.3835,72.9667,foret
0.1184,144.3426,72.9743,sol
0.23003,144.3349,72.9757,eau
0.32689,144.3314,72.9764,eau
0.19384,144.3255,72.9775,sol
0.098273,144.2809,72.9857,foret
0.082638,144.1729,73.0054,foret
0.089553,144.1001,73.0187,foret
0.08875,144.0709,73.024,foret
0.16042,144.0477,73.0282,sol
0.089588,143.9008,73.0547,foret
0.084668,143.7507,73.0816,foret
0.10618,143.7187,73.0873,foret
0.092982,143.6827,73.0937,foret
0.13362,143.6671,73.0965,sol
0.17901,143.6557,73.0985,sol
0.11161,143.6066,73.1071,sol
0.18578,143.5589,73.1156,sol
0.28241,143.5516,73.1168,eau
0.18997,143.5442,73.1181,sol
0.11458,143.526,73.1213,sol
0.17238,143.5072,73.1247,sol
0.095236,143.3777,73.1473,foret
0.098579,143.2046,73.1773,foret
0.090255,143.1365,73.189,foret
0.14432,143.1113,73.1934,sol
0.10667,143.0849,73.1979,foret
0.23363,143.0517,73.2036,eau
0.16843,143.0383,73.2059,sol
0.086165,142.9224,73.2256,foret
0.23548,142.8036,73.2458,eau
0.17104,142.7945,73.2473,sol
0.24803,142.7865,73.2487,eau
0.34903,142.7792,73.2499,eau
0.28377,142.7686,73.2517,eau
0.14669,142.7583,73.2534,sol
0.093331,142.7128,73.2611,foret
0.096503,142.6308,73.2749,foret
0.09401,142.5835,73.2828,foret
0.10222,142.4729,73.3011,foret
0.088025,142.3501,73.3214,foret
0.10077,142.3056,73.3287,foret
0.14284,142.2783,73.3332,sol
0.10618,142.2393,73.3395,foret
0.14361,142.1988,73.3461,sol
0.078409,142.1917,73.3473,foret
0.14024,142.1812,73.349,sol
0.10058,142.1565,73.353,foret
0.15826,142.1264,73.3579,sol
0.29761,142.1109,73.3604,eau
0.11487,142.0814,73.3652,sol
0.21501,142.0515,73.37,sol
0.12128,141.994,73.3792,sol
0.11622,141.8808,73.3973,sol
0.14196,141.8151,73.4075,sol
0.068321,141.8045,73.4091,foret
0.12491,141.7919,73.411,sol
0.099569,141.7659,73.4148,foret
0.029364,141.7488,73.4174,foret
0.24309,141.7462,73.4178,eau
0.10986,141.7398,73.4187,foret
0.21514,141.7343,73.4195,sol
0.26926,141.7277,73.4205,eau
0.3293,141.7141,73.4225,eau
0.17564,141.7003,73.4245,sol
0.10125,141.6808,73.4273,foret
0.030823,141.6667,73.4293,foret
0.14803,141.6519,73.4314,sol
0.14062,141.6174,73.4363,sol
0.11375,141.5792,73.4416,sol
0.070991,141.5584,73.4445,foret
0.13051,141.5401,73.447,sol
0.1255,141.4857,73.4544,sol
0.09807,141.2899,73.4801,foret
0.25298,141.1291,73.5009,eau
0.16162,141.1204,73.5021,sol
0.21592,141.1108,73.5033,sol
0.1052,141.0728,73.5082,foret
0.093117,140.9754,73.5208,foret
0.14698,140.9053,73.5297,sol
0.35223,140.8932,73.5313,eau
0.31399,140.8818,73.5327,eau
0.31915,140.8474,73.5371,eau
0.27625,140.8174,73.5409,eau
0.14143,140.8107,73.5417,sol
0.29521,140.8025,73.5428,eau
0.10559,140.782,73.5454,foret
0.23021,140.7552,73.5487,eau
0.099631,140.6931,73.5565,foret
0.34113,140.6371,73.5635,eau
0.11561,140.6334,73.564,sol
0.19536,140.6255,73.565,sol
0.13119,140.6158,73.5662,sol
0.24377,140.6099,73.5669,eau
0.13908,140.5921,73.5692,sol
0.34453,140.5733,73.5715,eau
0.28157,140.5678,73.5722,eau
0.15847,140.5631,73.5728,sol
0.1182,140.5458,73.5749,sol
0.064639,140.5297,73.5769,foret
0.12114,140.4948,73.5812,sol
0.11561,140.4376,73.5882,sol
0.097292,140.3781,73.5955,foret
0.11117,140.2999,73.6051,sol
0.16615,140.2557,73.6104,sol
0.2222,140.2497,73.6112,eau
0.14522,140.2306,73.6135,sol
0.24305,140.2119,73.6157,eau
0.049121,140.2072,73.6163,foret
0.14683,140.1955,73.6177,sol
0.2212,140.1778,73.6198,eau
0.1149,140.1681,73.621,sol
0.16981,140.1507,73.6231,sol
0.092812,140.134,73.6251,foret
0.15014,140.1203,73.6268,sol
0.0941,140.1059,73.6285,foret
0.15378,140.0974,73.6295,sol
0.13941,140.08,73.6316,sol
0.21215,140.0656,73.6334,sol
0.1615,140.0564,73.6345,sol
0.26381,140.0469,73.6356,eau
0.15579,140.0307,73.6376,sol
0.2855,140.0153,73.6394,eau
0.16858,140.0066,73.6405,sol
0.11735,139.9397,73.6485,sol
0.11418,139.7957,73.6655,sol
0.092667,139.7106,73.6755,foret
